metric,n_neighbors,Accuracy CV1,Accuracy CV2,Accuracy CV3,Mean Accuracy
minkowski,22,0.6789667896678967,0.6666666666666666,0.7444444444444445,0.6966926335930026
euclidean,22,0.6789667896678967,0.6666666666666666,0.7444444444444445,0.6966926335930026
manhattan,22,0.5904059040590406,0.46296296296296297,0.5444444444444444,0.5326044371554827
